Unnamed: 0,state,vet_pop,overall_pop_18,vet_pop_p,vet_suicides,all_suicides,vet_suicides_p,vet_males,vet_males_p,vet_females,vet_females_p,vet_15_24,vet_18_29,vet_17_34,vet_25_34,vet_30_39,vet_25_44,vet_35_44,vet_40_49,vet_35-54,vet_45_54,vet_50_59,vet_45_64,vet_55_64,vet_60,vet_65,vet_rate,civ_rate
0,Alabama,403950,3344721,0.120772405232006,135,535,0.25233644859813104,,0.0,,0.0,,,,,,,,,,,,,,,,33.4199777200148,13.6018751545088
1,Alaska,74482,446969,0.16663795475748902,24,131,0.18320610687022898,22.0,0.916666666666667,2.0,0.083333333333333,1.0,,,1.0,,,4.0,,,9.0,,,5.0,,4.0,32.2225504148653,28.725834727118002
2,Arizona,538880,4238996,0.127124441731014,225,945,0.23809523809523803,,0.0,,0.0,,,,,,,,,,,,,,,,41.75326603325421,19.458849398235103
3,Arkansas,259304,2023819,0.128126082421402,81,400,0.2025,79.0,0.9753086419753091,2.0,0.024691358024691003,,,5.0,,,,35.0,,,,,,16.0,,25.0,31.237466448647197,18.078622170964803
4,California,2193336,25543447,0.085866876150271,633,3206,0.197442295695571,613.0,0.9684044233807271,20.0,0.031595576619273,20.0,,,,,76.0,,,,,,220.0,,,317.0,28.8601472824957,11.019219566022599
5,Colorado,402091,3371999,0.11924410416491801,191,800,0.23875,183.0,0.958115183246073,8.0,0.041884816753927,7.0,,,15.0,,,24.0,,,35.0,,,39.0,,71.0,47.5016849419659,20.5056856980082
6,Connecticut,261294,2559377,0.10209281399340499,52,295,0.17627118644067802,,0.0,,0.0,,,,,,,,,,,,,,,,19.900954480393697,10.5740306159525
7,Delaware,79151,620779,0.12750270224991497,17,83,0.20481927710843398,17.0,1.0,0.0,0.0,0.0,,,0.0,,,4.0,,,3.0,,,2.0,,8.0,21.4779345807381,12.185485240792598
8,Florida*,1717801,13289030,0.12926458891281,540,2347,0.230080954409885,,0.0,,0.0,,,,,,,,,,,,,,,,31.435538808045898,15.616318716015401
9,Georgia,731466,6437595,0.11362410962478998,182,924,0.196969696969697,,0.0,,0.0,3.0,,,12.0,,,24.0,,,27.0,,,44.0,,70.0,24.8815392649829,13.003561608929601
10,Hawaii,116793,917646,0.127274569932196,15,107,0.14018691588785,,0.0,,0.0,,,,,,,,,,,,,,,,12.843235467879099,11.4877511852987
11,Idaho,132844,1019061,0.130359222853195,65,228,0.285087719298246,63.0,0.969230769230769,2.0,0.030769230769231003,2.0,,,4.0,,,,,18.0,,,,15.0,,26.0,48.92957152750589,18.392786416870802
12,Illinois,853338,9197524,0.092779100114335,219,1086,0.201657458563536,,0.0,,0.0,10.0,,,15.0,,,32.0,,,34.0,,,51.0,,77.0,25.6639221504257,10.3904682853426
13,Indiana,505259,4496185,0.11237504684527,112,745,0.150335570469799,111.0,0.9910714285714292,1.0,0.008928571428571,,2.0,,,9.0,,,17.0,,,23.0,,,59.0,,22.1668490813622,15.860980634569499
14,Iowa,249911,2192545,0.11398215315991199,70,333,0.21021021021020997,,0.0,,0.0,,,,,,,,,,,,,,,,28.009971549871803,13.5383196217095
15,Kansas,238506,1981969,0.120337906395105,86,362,0.23756906077348103,82.0,0.953488372093023,4.0,0.046511627906977,2.0,,,5.0,,,16.0,,,15.0,,,19.0,,28.0,36.0577930953519,15.8305625069187
16,Kentucky,341752,3073085,0.11120811822647302,44,566,0.07773851590106,,0.0,,0.0,,,,,,,,,,,,,,,,12.8748332123879,19.1115473653341
17,Louisiana,337822,3234969,0.104428203175981,101,505,0.2,,0.0,,0.0,,8.0,,,12.0,,,11.0,,,23.0,,,47.0,,29.8974015901866,13.944753234820302
18,Maine,145352,1003350,0.14486669656650197,49,175,0.28,,0.0,,0.0,,,,,,,,,,,,,,,,33.711266442842195,14.6853489168972
19,Maryland,480654,4038360,0.119022078269396,105,472,0.22245762711864397,,0.0,,0.0,4.0,,,8.0,,,18.0,,,16.0,,,13.0,,48.0,21.8452358661324,10.3156359744172
20,Massachusetts,453249,4725900,0.095907446200724,51,480,0.10625,49.0,0.96078431372549,2.0,0.039215686274510005,0.0,,,2.0,,,1.0,,,6.0,,,8.0,,33.0,11.2520932202829,10.0406047673915
21,Michigan,782823,7347736,0.106539347630345,232,1108,0.209386281588448,225.0,0.9698275862068969,7.0,0.030172413793102995,3.0,,,17.0,,,37.0,,,39.0,,,49.0,,87.0,29.636329029678503,13.343665026482501
22,Minnesota,407255,3759713,0.10832076810118198,103,547,0.18829981718464397,100.0,0.9708737864077671,3.0,0.029126213592232997,2.0,,,3.0,,,9.0,,,27.0,,,24.0,,38.0,25.291279419528305,13.2440137952511
23,Mississippi,226398,2070896,0.109323693705526,68,363,0.18732782369146,68.0,1.0,0.0,0.0,4.0,,,4.0,,,7.0,,,13.0,,,8.0,,32.0,30.0356010212104,15.993511513701801
24,Missouri***,533517,4251339,0.125493873812462,180,727,0.24759284731774397,177.0,0.983333333333333,3.0,0.016666666666667,6.0,,,12.0,,,24.0,,,33.0,,,33.0,,72.0,33.7383813449243,14.712915249842501
25,Montana,100637,704193,0.142911105336179,59,206,0.286407766990291,57.0,0.966101694915254,2.0,0.033898305084746,1.0,,,,,12.0,,,,,,27.0,,,19.0,58.626548883611406,24.3556521681501
26,Nebraska,154607,1270888,0.121652734151239,18,187,0.096256684491979,,0.0,,0.0,,,,,,,,,,,,,,,,11.642422400020699,15.139557154515801
27,Nevada,233633,1757343,0.132946726962238,106,480,0.22083333333333302,,0.0,,0.0,2.0,,,2.0,,,7.0,,,20.0,,,30.0,,48.0,45.37030299658011,24.545353118375502
28,New Hampshire,129603,967192,0.13399924730560198,37,162,0.228395061728395,37.0,1.0,0.0,0.0,,,,,,,,,,,,,,,,28.548721866006197,14.9237872035091
29,New Jersey,546437,6358519,0.085937778907321,80,536,0.14925373134328399,79.0,0.9875,1.0,0.0125,2.0,,,4.0,,,7.0,,,10.0,,,16.0,,41.0,14.640297051627199,7.84572550765801
30,New Mexico,177687,1392242,0.12762651895288302,80,342,0.23391812865497102,77.0,0.9625,3.0,0.0375,2.0,,,4.0,,,7.0,,,21.0,,,14.0,,33.0,45.0229898641994,21.571686749467897
31,New York,1098272,14119047,0.077786553157589,208,1189,0.17493692178301098,203.0,0.975961538461538,5.0,0.024038461538462,2.0,,,4.0,,,4.0,,,4.0,,,5.0,,9.0,18.9388421083302,7.53411375282961
32,North Carolina,723831,6240503,0.11598920792122001,225,1009,0.222993062438057,216.0,0.96,9.0,0.04,6.0,,,26.0,,,25.0,,,39.0,,,46.0,,83.0,31.084604002868097,14.2114666233555
33,North Dakota**,58479,470198,0.12437100965976,24,92,0.260869565217391,24.0,1.0,0.0,0.0,1.0,,,2.0,,,1.0,,,5.0,,,4.0,,11.0,41.0403734673986,16.5161190034951
34,Ohio,982418,8390951,0.117080650333913,282,1341,0.21029082774049201,278.0,0.9858156028368791,4.0,0.014184397163120999,1.0,,,17.0,,,31.0,,,56.0,,,71.0,,106.0,28.704685785480297,14.2943279054031
35,Oklahoma,341464,2572747,0.132723505264995,109,522,0.20881226053639798,,0.0,4.0,0.036697247706422007,,,,7.0,,,12.0,,,,,,,,,31.9213738490734,18.509530167172898
36,Oregon,350365,2709927,0.129289460564805,154,560,0.275,149.0,0.967532467532468,5.0,0.032467532467532,5.0,,,4.0,,,11.0,,,24.0,,,28.0,,77.0,43.9541620881081,17.2065832557059
37,Pennsylvania,1088379,9169767,0.118692110715572,336,1430,0.234965034965035,331.0,0.9851190476190479,5.0,0.014880952380951998,9.0,,,16.0,,,40.0,,,52.0,,,68.0,,151.0,30.8715989558784,13.5372784972086
38,Rhode Island,88971,785844,0.113217127063387,15,71,0.211267605633803,,0.0,,0.0,,,,,,,,,,,,,,,,16.8594261051354,8.03589750212736
39,South Carolina,400152,3077479,0.13002590756915,96,510,0.188235294117647,93.0,0.96875,3.0,0.03125,4.0,,,6.0,,,11.0,,,23.0,,,21.0,,31.0,23.9908834642836,15.463183989105598
40,South Dakota,67985,557930,0.121852203681465,29,121,0.239669421487603,,0.0,,0.0,,,,,,,,,,,,,,,,42.6564683386041,18.7776178958863
41,Tennessee,509881,4412551,0.11555243214186098,183,856,0.21378504672897197,178.0,0.972677595628415,5.0,0.027322404371584997,3.0,,,9.0,,,15.0,,,27.0,,,46.0,,83.0,35.8907274442468,17.2446043349809
42,Texas,1612948,15899260,0.101447991919121,509,2418,0.21050454921422698,498.0,0.978388998035364,11.0,0.021611001964636004,,33.0,,,55.0,,,89.0,,,95.0,,,230.0,,31.5571239742385,13.3624409154721
43,Utah,143301,1683956,0.085097829159432,49,348,0.14080459770114903,48.0,0.9795918367346941,1.0,0.020408163265306,2.0,,,7.0,,,5.0,,,9.0,,,10.0,,16.0,34.1937599877182,19.4073299992536
44,Vermont,57633,469021,0.12287935934638301,10,78,0.12820512820512803,9.0,0.9,1.0,0.1,0.0,,,0.0,,,1.0,,,3.0,,,2.0,,4.0,17.3511703364392,16.5294077610431
45,Virginia,757224,5442170,0.139140085664358,206,866,0.237875288683603,199.0,0.9660194174757281,7.0,0.033980582524272,3.0,,,20.0,,,16.0,,,43.0,,,44.0,,80.0,27.204631654569898,14.0876757170734
46,Washington,628595,4633815,0.13565388346319399,225,822,0.273722627737226,216.0,0.96,9.0,0.04,6.0,,,26.0,,,25.0,,,39.0,,,46.0,,83.0,35.7941122662446,14.9055482595213
47,West Virginia,175697,1389726,0.126425640737815,73,255,0.286274509803922,73.0,1.0,0.0,0.0,2.0,,,6.0,,,6.0,,,11.0,,,18.0,,30.0,41.5488027684024,14.9914046534308
48,Wisconsin,444679,4080095,0.108987413283269,136,643,0.21150855365474303,,0.0,,0.0,0.0,,,6.0,,,23.0,,,28.0,,,26.0,,53.0,30.5838593682184,13.9461343626149
49,Wyoming,55519,379651,0.146236938662087,17,90,0.188888888888889,,0.0,,0.0,,,,,,,,,,,,,,,,30.620148057421797,22.5216886947293
0,Alabama,408917,3473558,0.11772280756503802,145,580,0.25,,0.0,,0.0,,,,,,,,,,,,,,,,35.4595186798299,14.1941584675008
1,Alaska,70067,478581,0.146405728601846,29,135,0.21481481481481499,28.0,0.96551724137931,1.0,0.03448275862069,1.0,,,1.0,,,5.0,,,5.0,,,11.0,,6.0,41.3889562846989,25.947703138692898
2,Arizona,558906,4521911,0.12359951356848899,225,979,0.229826353421859,,0.0,,0.0,,,,,,,,,,,,,,,,40.2572167770609,19.025966406804898
3,Arkansas,258170,2110583,0.122321652358614,90,376,0.23936170212766,88.0,0.9777777777777779,2.0,0.022222222222222,,,9.0,,,,,,25.0,,,,,,39.0,34.8607506681644,15.439321576775802
4,California,2142367,26789221,0.07997123171293401,665,3334,0.19946010797840397,655.0,0.9849624060150379,10.0,0.015037593984962001,20.0,,,,,95.0,,,,,,238.0,,,312.0,31.040433315113603,10.828968273192197
5,Colorado,416250,3558782,0.11696417482161,148,730,0.20273972602739698,140.0,0.9459459459459459,8.0,0.054054054054054,3.0,,,6.0,,,24.0,,,28.0,,,32.0,,55.0,35.5555555555556,18.520097806482198
6,Connecticut,260131,2680115,0.09705964109749,44,292,0.150684931506849,,0.0,,0.0,,,,,,,,,,,,,,,,16.9145545898028,10.2480016396803
7,Delaware,79438,647164,0.12274786607413302,16,91,0.175824175824176,15.0,0.9375,1.0,0.0625,1.0,,,1.0,,,1.0,,,1.0,,,3.0,,9.0,20.141493995317102,13.210598070195802
8,Florida*,1747213,14016217,0.124656531787429,562,2440,0.23032786885245896,,0.0,,0.0,,,,,,,,,,,,,,,,32.1655115890278,15.3068659852096
9,Georgia,732779,6850347,0.10696961774345201,97,923,0.105092091007584,,0.0,,0.0,1.0,,,13.0,,,25.0,,,30.0,,,27.0,,1.0,13.237278906737199,13.5020975655685
10,Hawaii,117468,950715,0.123557533014626,21,120,0.175,,0.0,,0.0,,,,,,,,,,,,,,,,17.877209112268897,11.881230895520801
11,Idaho,133128,1066418,0.12483660253296601,53,222,0.23873873873873896,53.0,1.0,0.0,0.0,2.0,,,4.0,,,,,16.0,,,,9.0,,22.0,39.811309416501395,18.107983584952198
12,Illinois,845481,9597260,0.08809608158995401,186,1010,0.184158415841584,,0.0,,0.0,3.0,,,15.0,,,21.0,,,38.0,,,40.0,,69.0,21.999311634442396,9.41522860666386
13,Indiana,513266,4728420,0.10854915595484299,108,824,0.131067961165049,107.0,0.9907407407407409,1.0,0.009259259259259,,1.0,,,8.0,,,13.0,,,28.0,,,57.0,,21.041721056917897,16.986330748532602
14,Iowa,253158,2265619,0.111738999363971,63,334,0.188622754491018,,0.0,,0.0,,,,,,,,,,,,,,,,24.885644538193496,13.4660994672692
15,Kansas,234507,2053186,0.114216149925043,94,379,0.24802110817942,93.0,0.9893617021276601,1.0,0.010638297872339999,1.0,,,10.0,,,20.0,,,14.0,,,15.0,,34.0,40.0840913064429,15.6707148430262
16,Kentucky,340830,3192332,0.106765211137187,34,622,0.054662379421222,,0.0,,0.0,,,,,,,,,,,,,,,,9.975647683595929,20.6207114706565
17,Louisiana,324880,3183547,0.102049694884354,81,492,0.164634146341463,,0.0,,0.0,,9.0,,,7.0,,,7.0,,,20.0,,,38.0,,24.932282688992895,14.3773304130911
18,Maine,142205,1035232,0.137365344193379,43,158,0.272151898734177,,0.0,,0.0,,,,,,,,,,,,,,,,30.238036637248996,12.877550174854699
19,Maryland,475371,4230839,0.11235856528693199,91,495,0.18383838383838397,,0.0,,0.0,4.0,,,7.0,,,5.0,,,13.0,,,21.0,,41.0,19.1429430907649,10.7576472492909
20,Massachusetts,453873,4983228,0.091080119151682,30,450,0.066666666666667,30.0,1.0,0.0,0.0,0.0,,,0.0,,,0.0,,,3.0,,,13.0,,14.0,6.60977850632225,9.27284348433717
21,Michigan,765929,7613279,0.100604351948746,258,1139,0.22651448639157198,250.0,0.9689922480620159,8.0,0.031007751937983996,3.0,,,12.0,,,40.0,,,56.0,,,59.0,,88.0,33.6845843413685,12.8662913389852
22,Minnesota,410003,3905954,0.10496872210988699,113,554,0.20397111913357396,107.0,0.946902654867257,6.0,0.053097345132743,2.0,,,8.0,,,15.0,,,23.0,,,16.0,,49.0,27.5607739455565,12.614593282342902
23,Mississippi,212612,2140412,0.09933227808478,65,325,0.2,63.0,0.969230769230769,2.0,0.030769230769231003,0.0,,,1.0,,,6.0,,,8.0,,,16.0,,34.0,30.5721219874701,13.486876231974302
24,Missouri***,526916,4403875,0.119648264312679,180,799,0.22528160200250302,177.0,0.983333333333333,3.0,0.016666666666667,6.0,,,12.0,,,24.0,,,33.0,,,33.0,,72.0,34.1610427468515,15.966121901211698
25,Montana,102845,722684,0.14230977854774698,54,189,0.28571428571428603,54.0,1.0,0.0,0.0,2.0,,,,,8.0,,,,,,20.0,,,24.0,52.50619864845161,21.779849283443
26,Nebraska,151844,1316899,0.11530421087722,5,202,0.024752475247525,,0.0,,0.0,,,,,,,,,,,,,,,,3.29285319143331,16.9090729622207
27,Nevada,236901,1852592,0.127875430747839,107,486,0.22016460905349802,,0.0,,0.0,3.0,,,2.0,,,7.0,,,20.0,,,30.0,,48.0,45.1665463632488,23.4574556644804
28,New Hampshire,130690,1015927,0.128641132679809,33,151,0.21854304635761604,31.0,0.93939393939394,2.0,0.060606060606060996,,,,,,,,,,,,,,,,25.250593006350897,13.329763667808699
29,New Jersey,527080,6628089,0.079522166947366,93,585,0.15897435897435902,92.0,0.989247311827957,1.0,0.010752688172043001,2.0,,,6.0,,,13.0,,,10.0,,,21.0,,41.0,17.644380359717697,8.06423986589759
30,New Mexico,176274,1436320,0.122726133452156,76,352,0.21590909090909102,74.0,0.9736842105263158,2.0,0.026315789473683997,2.0,,,4.0,,,6.0,,,11.0,,,17.0,,36.0,43.1146964384992,21.9039622362993
31,New York,1098766,14768694,0.07439831849722099,216,1326,0.16289592760181001,213.0,0.9861111111111109,3.0,0.013888888888889,2.0,,,9.0,,,4.0,,,20.0,,,45.0,,136.0,19.6584168057621,8.120013507020671
32,North Carolina,752508,6625708,0.113573975792474,200,1106,0.180831826401447,194.0,0.97,6.0,0.03,7.0,,,9.0,,,17.0,,,49.0,,,41.0,,77.0,26.5777905351172,15.4260028604509
33,North Dakota**,57536,487103,0.118118755170878,18,90,0.2,18.0,1.0,0.0,0.0,2.0,,,2.0,,,1.0,,,5.0,,,4.0,,4.0,31.2847608453838,16.761064048216
34,Ohio,961616,8696516,0.110574855493855,251,1325,0.18943396226415102,246.0,0.9800796812749,5.0,0.0199203187251,6.0,,,16.0,,,29.0,,,32.0,,,58.0,,110.0,26.101895143175696,13.8851181010744
35,Oklahoma,333358,2668872,0.124905952777053,113,537,0.21042830540037197,,0.0,,0.0,4.0,,,7.0,,,14.0,,,18.0,,,25.0,,45.0,33.897491585622696,18.1544619300077
36,Oregon,350730,2839640,0.1235121353411,143,579,0.24697754749568201,136.0,0.951048951048951,7.0,0.048951048951049,2.0,,,6.0,,,12.0,,,32.0,,,25.0,,59.0,40.772103897585,17.517708555150598
37,Pennsylvania,1073558,9625288,0.11153515614286,309,1396,0.22134670487105998,305.0,0.9870550161812299,4.0,0.01294498381877,6.0,,,19.0,,,32.0,,,50.0,,,69.0,,133.0,28.782795154057805,12.7108783836721
38,Rhode Island,82129,827561,0.099242231086288,21,90,0.23333333333333303,,0.0,,0.0,,,,,,,,,,,,,,,,25.569530859988603,9.256377509953962
39,South Carolina,398128,3252620,0.12240224803389299,118,524,0.22519083969465603,114.0,0.966101694915254,4.0,0.033898305084746,5.0,,,15.0,,,12.0,,,17.0,,,22.0,,47.0,29.638709158863502,14.22319628151
40,South Dakota,73535,585507,0.12559200829366698,26,125,0.20800000000000002,,0.0,,0.0,,,,,,,,,,,,,,,,35.35731284422379,19.336994991913603
41,Tennessee,502295,4578718,0.10970210438817199,150,874,0.17162471395881002,147.0,0.98,3.0,0.02,1.0,,,9.0,,,18.0,,,36.0,,,34.0,,52.0,29.8629291551777,17.7606690964112
42,Texas,1660455,16924145,0.09811160327449302,454,2347,0.193438432040903,447.0,0.984581497797357,7.0,0.015418502202643,,31.0,,,38.0,,,64.0,,,92.0,,,229.0,,27.3419032735003,12.4019814343714
43,Utah,154774,1753636,0.08825890891838399,63,362,0.174033149171271,61.0,0.968253968253968,2.0,0.031746031746032,5.0,,,0.0,,,9.0,,,7.0,,,16.0,,22.0,40.7045110935945,18.700800944671897
44,Vermont,55512,489177,0.11348039666623701,16,81,0.19753086419753102,16.0,1.0,0.0,0.0,0.0,,,0.0,,,3.0,,,3.0,,,6.0,,4.0,28.822596915982103,14.988528011252901
45,Virginia,771782,5732436,0.134634211354475,178,876,0.20319634703196301,172.0,0.9662921348314608,6.0,0.033707865168539,5.0,,,5.0,,,19.0,,,39.0,,,33.0,,77.0,23.0635075707907,14.0707253519395
46,Washington,629296,4827071,0.130368084496789,200,809,0.24721878862793603,194.0,0.97,6.0,0.03,7.0,,,9.0,,,17.0,,,49.0,,,41.0,,77.0,31.7815463629198,14.507685619167301
47,West Virginia,178121,1426759,0.124843088426286,56,269,0.20817843866170999,56.0,1.0,0.0,0.0,0.0,,,3.0,,,3.0,,,13.0,,,13.0,,24.0,31.439302496617497,17.0585870364349
48,Wisconsin,447851,4237883,0.10567800007692502,138,670,0.20597014925373103,,0.0,,0.0,5.0,,,6.0,,,25.0,,,34.0,,,22.0,,46.0,30.8138197748805,14.0368207972914
49,Wyoming,54263,390268,0.139040351758279,22,116,0.18965517241379298,,0.0,,0.0,,,,,,,,,,,,,,,,40.5432799513481,27.975774170027197
0,Alabama,406762,3489439,0.116569454287638,130,592,0.219594594594595,,0.0,,0.0,,,,,,,,,,,,,,,,31.9597209178832,14.986973983975599
1,Alaska,74614,485178,0.153786857606899,30,149,0.201342281879195,29.0,0.966666666666667,1.0,0.03333333333333299,1.0,,,4.0,,,2.0,,,8.0,,,6.0,,9.0,40.2069316750208,28.984518856987
2,Arizona,555500,4649090,0.11948574882396301,224,1016,0.220472440944882,,0.0,,0.0,,,,,,,,,,,,,,,,40.3240324032403,19.3473210556016
3,Arkansas,251482,2127954,0.11818018622583,84,402,0.20895522388059698,82.0,0.9761904761904759,2.0,0.023809523809523996,,,9.0,,,,,,34.0,,,,18.0,,33.0,33.4019929855815,16.9466957140847
4,California,2079606,27033547,0.076926864240198,655,3602,0.181843420322043,634.0,0.9679389312977099,21.0,0.03206106870229,13.0,,,,,104.0,,,,,,248.0,,,290.0,31.496350751055697,11.809757825427301
5,Colorado,414228,3643412,0.11369233015645801,196,811,0.24167694204685602,185.0,0.9438775510204079,11.0,0.05612244897959201,6.0,,,11.0,,,30.0,,,39.0,,,43.0,,67.0,47.3169365663354,19.045059061360398
6,Connecticut,245359,2674817,0.09172926596473699,39,271,0.14391143911439097,,0.0,,0.0,,,,,,,,,,,,,,,,15.895076194474198,9.54945506363971
7,Delaware,78075,657092,0.11881897816439699,15,95,0.157894736842105,15.0,1.0,0.0,0.0,0.0,,,0.0,,,1.0,,,2.0,,,4.0,,8.0,19.2122958693564,13.8165200676319
8,Florida*,1709427,14155099,0.12076404410877001,595,2587,0.229996134518748,,0.0,,0.0,,,,,,,,,,,,,,,,34.8069850306565,16.0055640225775
9,Georgia,710726,6972297,0.101935703542176,211,997,0.211634904714142,,0.0,,0.0,5.0,,,16.0,,,24.0,,,39.0,,,39.0,,88.0,29.687952881982604,12.5527603216509
10,Hawaii,124261,960064,0.1294299130058,21,133,0.157894736842105,,0.0,,0.0,,,,,,,,,,,,,,,,16.8999122814077,13.400286909714401
11,Idaho,131795,1088296,0.121102163382021,48,223,0.2152466367713,48.0,1.0,0.0,0.0,1.0,,,4.0,,,,,13.0,,,,11.0,,19.0,36.4201980348268,18.2958512327745
12,Illinois,803229,9636981,0.083348613014802,183,1108,0.165162454873646,,0.0,,0.0,7.0,,,17.0,,,19.0,,,25.0,,,32.0,,83.0,22.7830419469417,10.4712018177554
13,Indiana,491684,4754575,0.103412818180384,101,790,0.12784810126582302,98.0,0.9702970297029699,3.0,0.02970297029703,,4.0,,,10.0,,,12.0,,,15.0,,,57.0,,20.5416487011983,16.162740262418197
14,Iowa,250852,2274820,0.11027334030824401,63,322,0.19565217391304396,,0.0,,0.0,,,,,,,,,,,,,,,,25.114410090411898,12.796645006245198
15,Kansas,231387,2067370,0.111923361565661,88,382,0.230366492146597,86.0,0.9772727272727271,2.0,0.022727272727273,4.0,,,1.0,,,9.0,,,20.0,,,17.0,,37.0,38.031522946405794,16.013220165981902
16,Kentucky,335093,3220471,0.104050929196382,44,649,0.067796610169492,,0.0,,0.0,,,,,,,,,,,,,,,,13.1306831237895,20.9677900087961
17,Louisiana,315184,3199922,0.098497400874146,91,522,0.174329501915709,,0.0,,0.0,,7.0,,,11.0,,,9.0,,,22.0,,,42.0,,28.8720239606071,14.9406982540529
18,Maine,142506,1034884,0.13770238983306302,39,191,0.20418848167539302,,0.0,,0.0,,,,,,,,,,,,,,,,27.367268746579104,17.0331406646063
19,Maryland,461184,4232439,0.10896412210548101,76,518,0.146718146718147,,0.0,,0.0,5.0,,,5.0,,,15.0,,,17.0,,,13.0,,21.0,16.4793227865668,11.7202363669389
20,Massachusetts,437588,5011861,0.087310482074423,50,516,0.096899224806202,47.0,0.94,3.0,0.06,0.0,,,3.0,,,3.0,,,3.0,,,18.0,,23.0,11.426273115350499,10.187411201736301
21,Michigan,749774,7616804,0.098436824683949,230,1131,0.203359858532272,224.0,0.9739130434782609,6.0,0.026086956521739,3.0,,,9.0,,,22.0,,,38.0,,,53.0,,105.0,30.6759103409828,13.120664974523198
22,Minnesota,405354,3935350,0.103003290685708,125,572,0.218531468531469,123.0,0.9840000000000001,2.0,0.016,5.0,,,6.0,,,11.0,,,19.0,,,34.0,,50.0,30.8372434958086,12.662903867313199
23,Mississippi,214698,2140780,0.100289614065901,83,396,0.20959595959596,80.0,0.9638554216867471,3.0,0.036144578313253004,6.0,,,8.0,,,10.0,,,9.0,,,18.0,,32.0,38.6589535067863,16.2506061528014
24,Missouri***,511821,4434377,0.115421174158174,180,808,0.22277227722772305,177.0,0.983333333333333,3.0,0.016666666666667,6.0,,,12.0,,,24.0,,,33.0,,,33.0,,72.0,35.1685452531256,16.0099690100027
25,Montana,102649,735059,0.139647293618607,53,196,0.27040816326530603,52.0,0.981132075471698,1.0,0.018867924528301997,1.0,,,,,5.0,,,,,,22.0,,,25.0,51.6322613956298,22.611913157603503
26,Nebraska,149306,1320148,0.11309792538412401,15,181,0.08287292817679599,,0.0,,0.0,,,,,,,,,,,,,,,,10.0464817221009,14.1778309968382
27,Nevada,233596,1892386,0.123439932445072,104,471,0.220806794055202,,0.0,,0.0,3.0,,,2.0,,,7.0,,,20.0,,,28.0,,47.0,44.521310296409204,22.124560673744103
28,New Hampshire,122646,1016155,0.120696153637978,42,158,0.265822784810127,41.0,0.9761904761904759,1.0,0.023809523809523996,,,,,,,,,,,,,,,,34.2448999559708,12.9825217205423
29,New Jersey,497130,6615934,0.07514131791520301,80,596,0.134228187919463,79.0,0.9875,1.0,0.0125,2.0,,,4.0,,,11.0,,,11.0,,,18.0,,34.0,16.0923702049766,8.433020570686692
30,New Mexico,178400,1465336,0.121746821206877,96,401,0.239401496259352,89.0,0.927083333333333,7.0,0.072916666666667,6.0,,,4.0,,,10.0,,,20.0,,,18.0,,38.0,53.8116591928251,23.6997022384952
31,New York,1041376,14857620,0.070090364405605,205,1396,0.146848137535817,197.0,0.9609756097560981,8.0,0.039024390243902,3.0,,,3.0,,,12.0,,,51.0,,,36.0,,100.0,19.6854930399779,8.62028782931164
32,North Carolina,734260,6773333,0.108404532893924,229,1077,0.212627669452182,223.0,0.9737991266375551,6.0,0.026200873362444997,6.0,,,11.0,,,35.0,,,36.0,,,43.0,,98.0,31.187862609974697,14.0418902040098
33,North Dakota**,55232,491391,0.112399290992306,27,95,0.28421052631578997,26.0,0.962962962962963,1.0,0.037037037037037,4.0,,,6.0,,,3.0,,,3.0,,,5.0,,5.0,48.8847045191193,15.590644696085599
34,Ohio,953338,8703442,0.10953574459392,275,1295,0.21235521235521201,271.0,0.9854545454545459,4.0,0.014545454545453999,8.0,,,11.0,,,44.0,,,51.0,,,65.0,,96.0,28.846012641896202,13.1611137089257
35,Oklahoma,325423,2694837,0.12075795307842402,112,531,0.210922787193974,,0.0,,0.0,0.0,,,8.0,,,12.0,,,23.0,,,19.0,,50.0,34.4167437458324,17.6836973192528
36,Oregon,348422,2881297,0.120925402691913,157,594,0.264309764309764,155.0,0.987261146496815,2.0,0.012738853503184999,4.0,,,5.0,,,17.0,,,25.0,,,30.0,,74.0,45.0603004402707,17.2531214528944
37,Pennsylvania,1044143,9636871,0.10834875759984801,324,1441,0.224843858431645,320.0,0.987654320987654,4.0,0.012345679012346,9.0,,,18.0,,,41.0,,,55.0,,,72.0,,129.0,31.030232449003602,12.999364113469
38,Rhode Island,80703,820384,0.09837222568943302,16,96,0.166666666666667,,0.0,,0.0,,,,,,,,,,,,,,,,19.8257809499027,10.815473156671601
39,South Carolina,396961,3316277,0.119700797008211,123,530,0.23207547169811302,116.0,0.9430894308943092,7.0,0.056910569105691,2.0,,,8.0,,,16.0,,,27.0,,,28.0,,42.0,30.9854116651258,13.9416219415781
40,South Dakota,75167,597885,0.12572150162656698,21,102,0.20588235294117604,,0.0,,0.0,,,,,,,,,,,,,,,,27.937791850147,15.495927058184302
41,Tennessee,510068,4669784,0.10922732186328098,182,844,0.21563981042654,178.0,0.978021978021978,4.0,0.021978021978022,7.0,,,12.0,,,16.0,,,34.0,,,37.0,,76.0,35.6815169742074,15.9145480124124
42,Texas,1613252,17190551,0.093845275814603,434,2433,0.178380600082203,427.0,0.9838709677419358,7.0,0.016129032258064,,28.0,,,46.0,,,60.0,,,90.0,,,210.0,,26.902182672019,12.8327767220749
43,Utah,155573,1821224,0.085422221538921,68,378,0.17989417989418,67.0,0.9852941176470591,1.0,0.014705882352941001,5.0,,,5.0,,,5.0,,,16.0,,,16.0,,21.0,43.7093840190779,18.6113417516635
44,Vermont,55351,489141,0.11315960019708,19,89,0.213483146067416,18.0,0.9473684210526321,1.0,0.052631578947367995,0.0,,,1.0,,,1.0,,,5.0,,,4.0,,8.0,34.3263897671226,16.1368404066484
45,Virginia,757595,5779184,0.131090306174713,178,880,0.202272727272727,173.0,0.9719101123595509,5.0,0.028089887640449,3.0,,,10.0,,,15.0,,,33.0,,,38.0,,79.0,23.495403216758298,13.979638715952301
46,Washington,622263,4888868,0.127281612021433,229,865,0.264739884393064,223.0,0.9737991266375551,6.0,0.026200873362444997,6.0,,,11.0,,,35.0,,,36.0,,,43.0,,98.0,36.801159638288,14.906465445008399
47,West Virginia,171036,1423318,0.12016710250274401,67,300,0.22333333333333302,67.0,1.0,0.0,0.0,3.0,,,2.0,,,8.0,,,7.0,,,14.0,,33.0,39.1730395940036,18.606032826472003
48,Wisconsin,450802,4277566,0.10538750308002301,128,729,0.17558299039780498,,0.0,,0.0,4.0,,,7.0,,,19.0,,,29.0,,,27.0,,42.0,28.3938403112675,15.7051754432727
49,Wyoming,51494,393326,0.130919390022526,27,101,0.267326732673267,,0.0,,0.0,,,,,,,,,,,,,,,,52.433293199207704,21.648061035830498
0,Alabama,402072,3521323,0.114182084404072,138,604,0.228476821192053,,0.0,,0.0,,,,,,,,,,,,,,,,34.322210947293,14.9394838696854
1,Alaska,67833,486235,0.13950661717070997,27,169,0.159763313609467,27.0,1.0,0.0,0.0,3.0,,,1.0,,,3.0,,,4.0,,,10.0,,6.0,39.803635398699704,33.938652300897196
2,Arizona,551053,4768630,0.115557927538937,233,972,0.23971193415637898,,0.0,,0.0,,,,,,,,,,,,,,,,42.2826842427135,17.5219089064645
3,Arkansas,243494,2145844,0.113472367982015,96,447,0.21476510067114105,90.0,0.9375,6.0,0.0625,,,17.0,,,103.0,,,20.0,,,,23.0,,36.0,39.426022817810704,18.4508634057876
4,California,2034700,27233110,0.07471419900261099,727,3775,0.19258278145695398,712.0,0.979367262723521,15.0,0.020632737276479,21.0,,,,,,,,,,,267.0,,,336.0,35.730083058927605,12.0960012953198
5,Colorado,415094,3705758,0.11201325073035,188,803,0.23412204234122,179.0,0.952127659574468,9.0,0.047872340425532005,5.0,,,11.0,,,26.0,,,45.0,,,37.0,,64.0,45.290946147137795,18.6892371873883
6,Connecticut,237074,2684092,0.08832558645530801,46,315,0.146031746031746,,0.0,,0.0,,,,,,,,,,,,,,,,19.4032243097092,10.9929718539054
7,Delaware,75987,661193,0.114924084193269,23,109,0.211009174311927,23.0,1.0,0.0,0.0,1.0,,,1.0,,,1.0,,,4.0,,,5.0,,11.0,30.2683353731559,14.695679811895301
8,Florida*,1655847,14266412,0.11606611389044401,631,2740,0.23029197080292002,,0.0,,0.0,,,,,,,,,,,,,,,,38.1073855253535,16.7240722362559
9,Georgia,709363,7082157,0.10016199866791999,192,981,0.19571865443425102,,0.0,,0.0,4.0,,,14.0,,,18.0,,,38.0,,,43.0,,75.0,27.066537160804803,12.3807548149211
10,Hawaii,106372,959788,0.11082864132495901,20,133,0.150375939849624,,0.0,,0.0,,,,,,,,,,,,,,,,18.8019403602452,13.240904787348699
11,Idaho,135394,1105360,0.12248860099877,75,252,0.297619047619048,74.0,0.986666666666667,1.0,0.013333333333333,1.0,,,4.0,,,,,25.0,,,,16.0,,32.0,55.393887469164106,18.2480623032148
12,Illinois,782182,9701259,0.08062685472060901,229,1198,0.19115191986644398,,0.0,,0.0,7.0,,,11.0,,,30.0,,,40.0,,,51.0,,90.0,29.277073622251603,10.864352892121
13,Indiana,486149,4787570,0.10154399831229599,184,809,0.22744128553770102,180.0,0.9782608695652171,4.0,0.021739130434783,,9.0,,,15.0,,,20.0,,,32.0,,,103.0,,37.848478552871704,14.530082035680802
14,Iowa,245912,2290057,0.10738247999940598,74,380,0.19473684210526299,,0.0,,0.0,,,,,,,,,,,,,,,,30.092065454308894,14.969583860244699
15,Kansas,231810,2084264,0.111219116196413,74,337,0.21958456973293802,73.0,0.9864864864864858,1.0,0.013513513513513998,7.0,,,6.0,,,10.0,,,10.0,,,12.0,,29.0,31.922695310814902,14.1973835787555
16,Kentucky,329768,3242747,0.101694026700202,51,612,0.083333333333333,,0.0,,0.0,,,,,,,,,,,,,,,,15.4654181121273,19.258635232179802
17,Louisiana,304756,3287010,0.092715264024144,97,532,0.18233082706766895,,0.0,,0.0,,7.0,,,17.0,,,10.0,,,15.0,,,48.0,,31.828741681870103,14.586282724409099
18,Maine,136533,1038090,0.131523278328469,44,181,0.243093922651934,,0.0,,0.0,,,,,,,,,,,,,,,,32.2266411783232,15.1959332576864
19,Maryland,445742,4265690,0.104494700740091,92,507,0.18145956607495103,,0.0,,0.0,1.0,,,8.0,,,5.0,,,13.0,,,21.0,,44.0,20.6397422724356,10.8640222327634
20,Massachusetts,422508,5062590,0.08345688669238499,48,509,0.09430255402750501,48.0,1.0,0.0,0.0,0.0,,,0.0,,,4.0,,,8.0,,,8.0,,28.0,11.360731631117,9.935169249164131
21,Michigan,720840,7603028,0.094809594282699,224,1180,0.18983050847457603,219.0,0.9776785714285708,5.0,0.022321428571429002,12.0,,,13.0,,,33.0,,,41.0,,,45.0,,80.0,31.0748571111481,13.8909311980434
22,Minnesota,391485,3966540,0.09869684914308198,110,596,0.184563758389262,109.0,0.990909090909091,1.0,0.009090909090909,4.0,,,6.0,,,10.0,,,20.0,,,30.0,,40.0,28.098139136876302,13.594196452921699
23,Mississippi,209831,2158203,0.097224867169585,81,409,0.198044009779951,81.0,1.0,0.0,0.0,1.0,,,6.0,,,8.0,,,16.0,,,11.0,,39.0,38.6024943883411,16.834567526119198
24,Missouri***,508839,4469294,0.11385221021485699,180,779,0.23106546854942198,177.0,0.983333333333333,3.0,0.016666666666667,6.0,,,12.0,,,24.0,,,33.0,,,33.0,,72.0,35.3746469905019,15.124524833636501
25,Montana,100543,741354,0.135620769564877,50,203,0.246305418719212,49.0,0.98,1.0,0.02,1.0,,,,,10.0,,,,,,17.0,,,22.0,49.729966283082895,23.8759946380446
26,Nebraska,147482,1329791,0.110906149913783,21,191,0.109947643979058,,0.0,,0.0,,,,,,,,,,,,,,,,14.2390257794172,14.3786438232306
27,Nevada,227277,1922260,0.118234265916161,131,528,0.248106060606061,,0.0,,0.0,5.0,,,4.0,,,9.0,,,23.0,,,37.0,,53.0,57.6389163883719,23.422063820109102
28,New Hampshire,121145,1021327,0.118615291674459,36,179,0.201117318435754,35.0,0.9722222222222221,1.0,0.027777777777778,,,,,,,,,,,,,,,,29.716455487226,15.885676452095199
29,New Jersey,485053,6623050,0.073237103751293,77,615,0.12520325203252,75.0,0.9740259740259741,2.0,0.025974025974026,1.0,,,2.0,,,12.0,,,14.0,,,15.0,,33.0,15.874553914726802,8.76507433939769
30,New Mexico,171725,1473640,0.11653117450666399,80,419,0.19093078758949897,76.0,0.95,4.0,0.05,3.0,,,4.0,,,10.0,,,20.0,,,9.0,,34.0,46.5861115155044,26.0385662658468
31,New York,1032622,15051925,0.068603982547083,224,1409,0.158977998580554,220.0,0.982142857142857,4.0,0.017857142857143002,2.0,,,,,,7.0,,,6.0,,,54.0,,155.0,21.692352090116202,8.45263134693644
32,North Carolina,746259,6879572,0.108474626037783,238,1162,0.20481927710843398,232.0,0.9747899159663861,6.0,0.025210084033613,11.0,,,16.0,,,27.0,,,52.0,,,46.0,,86.0,31.8924126878202,15.0652673359406
33,North Dakota**,54688,493281,0.110865814819545,14,86,0.162790697674419,13.0,0.9285714285714292,1.0,0.071428571428571,0.0,,,0.0,,,0.0,,,3.0,,,5.0,,5.0,25.599765944997102,16.4161306724002
34,Ohio,926863,8740001,0.106048386035654,264,1412,0.18696883852691198,259.0,0.981060606060606,5.0,0.018939393939393995,5.0,,,15.0,,,32.0,,,52.0,,,63.0,,97.0,28.4831738886977,14.693200094507501
35,Oklahoma,316987,2713979,0.116797882371234,145,575,0.25217391304347797,,0.0,,0.0,6.0,,,11.0,,,22.0,,,23.0,,,24.0,,55.0,45.74320082527039,17.939150401837
36,Oregon,349013,2919847,0.11953126311070401,140,572,0.244755244755245,136.0,0.9714285714285709,4.0,0.028571428571429,4.0,,,8.0,,,19.0,,,22.0,,,36.0,,51.0,40.1131189955675,16.8038854317315
37,Pennsylvania,1023082,9671561,0.10578251018630801,333,1539,0.21637426900584802,330.0,0.990990990990991,3.0,0.009009009009009002,5.0,,,20.0,,,43.0,,,61.0,,,73.0,,131.0,32.5487106605336,13.9446485329964
38,Rhode Island,82464,815584,0.10111036999254501,16,110,0.14545454545454503,,0.0,,0.0,,,,,,,,,,,,,,,,19.4024058983314,12.8219118288957
39,South Carolina,391275,3375008,0.115933058529046,137,565,0.242477876106195,131.0,0.956204379562044,6.0,0.043795620437956005,9.0,,,5.0,,,11.0,,,20.0,,,42.0,,50.0,35.013737141396696,14.3444470399999
40,South Dakota,70852,601688,0.117755381526638,20,124,0.161290322580645,,0.0,,0.0,,,,,,,,,,,,,,,,28.227855247558303,19.5917383146584
41,Tennessee,503323,4720255,0.10663046805733999,176,973,0.180883864337102,173.0,0.982954545454545,3.0,0.017045454545454,5.0,,,11.0,,,16.0,,,40.0,,,50.0,,54.0,34.967605295208,18.899996490339397
42,Texas,1603981,17493335,0.091690978306881,454,2552,0.17789968652037602,445.0,0.980176211453744,9.0,0.019823788546256,,41.0,,,38.0,,,74.0,,,76.0,,,225.0,,28.304574680124002,13.2038092926874
43,Utah,146547,1875269,0.07814718848335901,55,390,0.141025641025641,55.0,1.0,0.0,0.0,5.0,,,6.0,,,5.0,,,11.0,,,16.0,,12.0,37.5306215753308,19.3784772797477
44,Vermont,53175,491776,0.10812849752733,15,94,0.159574468085106,14.0,0.933333333333333,1.0,0.066666666666667,0.0,,,0.0,,,1.0,,,3.0,,,6.0,,5.0,28.2087447108604,18.0118148385435
45,Virginia,720855,5812063,0.124027389241995,203,948,0.21413502109704602,194.0,0.9556650246305419,9.0,0.044334975369458005,6.0,,,12.0,,,20.0,,,35.0,,,33.0,,87.0,28.161003253081397,14.6330694012109
46,Washington,606459,4942947,0.12269178690364302,238,889,0.26771653543307106,232.0,0.9747899159663861,6.0,0.025210084033613,11.0,,,16.0,,,27.0,,,52.0,,,46.0,,86.0,39.2442028232741,15.0121480792752
47,West Virginia,171744,1426761,0.12037334914537198,58,261,0.222222222222222,56.0,0.96551724137931,2.0,0.03448275862069,4.0,,,3.0,,,9.0,,,7.0,,,12.0,,23.0,33.7711943357555,16.1750797001156
48,Wisconsin,438533,4310254,0.101741799903208,131,743,0.17631224764468398,,0.0,,0.0,0.0,,,6.0,,,17.0,,,24.0,,,45.0,,39.0,29.8723243176682,15.8069241042937
49,Wyoming,50704,401718,0.126217894144649,30,124,0.241935483870968,,0.0,,0.0,,,,,,,,,,,,,,,,59.1669296307984,26.7795586500823
0,Alabama,397405,3558849,0.11166672145966301,178,673,0.264487369985141,,0.0,,0.0,,,,,,,,,,,,,,,,44.7905788804872,15.6574021238396
1,Alaska,70458,500570,0.14075553868589802,34,143,0.237762237762238,34.0,1.0,0.0,0.0,2.0,,,9.0,,,5.0,,,4.0,,,10.0,,4.0,48.2556984302705,25.342236440741
2,Arizona,532634,4843073,0.109978519836476,228,1060,0.215094339622642,,0.0,,0.0,,,,,,,,,,,,,,,,42.8061295373559,19.3019782903783
3,Arkansas,244016,2173244,0.112281915882432,89,422,0.210900473933649,87.0,0.9775280898876401,2.0,0.022471910112359997,,,10.0,,,,,,29.0,,,,16.0,,34.0,36.473018162743394,17.2607903264933
4,California,1963556,27365341,0.07175339053878399,723,3823,0.189118493329846,705.0,0.9751037344398341,18.0,0.024896265560166,24.0,,,,,98.0,,,,,,268.0,,,333.0,36.820951375973,12.203866775504197
5,Colorado,395350,3762991,0.10506270145211599,211,941,0.22422954303932,202.0,0.957345971563981,9.0,0.042654028436019,7.0,,,19.0,,,32.0,,,38.0,,,40.0,,75.0,53.3704312634375,21.6768948946755
6,Connecticut,222632,2703644,0.082345160827387,31,316,0.09810126582278501,,0.0,,0.0,,,,,,,,,,,,,,,,13.9243235473786,11.4872479455964
7,Delaware,77232,673811,0.114619678218373,17,107,0.15887850467289702,17.0,1.0,0.0,0.0,0.0,,,3.0,,,1.0,,,2.0,,,5.0,,6.0,22.0116014087425,15.086015431317598
8,Florida*,1591864,14412206,0.11045248728751199,658,2858,0.230230930720784,,0.0,,0.0,,,,,,,,,,,,,,,,41.3351894382937,17.160228642886402
9,Georgia,693809,7166761,0.09680928385919399,244,1134,0.215167548500882,,0.0,,0.0,9.0,,,25.0,,,27.0,,,41.0,,,56.0,,86.0,35.1681802916941,13.7495226289334
10,Hawaii,106310,958760,0.110882806958989,25,175,0.14285714285714302,,0.0,,0.0,,,,,,,,,,,,,,,,23.5161320665977,17.596339961288102
11,Idaho,122552,1121706,0.109255009779746,66,304,0.217105263157895,60.0,0.9090909090909091,6.0,0.09090909090909101,1.0,,,5.0,,,,,25.0,,,,13.0,,22.0,53.854690253933,23.8201518484638
12,Illinois,772410,9716887,0.079491507928414,199,1177,0.16907391673746802,,0.0,,0.0,9.0,,,8.0,,,21.0,,,35.0,,,41.0,,85.0,25.763519374425503,10.9341216931968
13,Indiana,471717,4830620,0.09765144018780197,150,828,0.18115942028985502,148.0,0.986666666666667,2.0,0.013333333333333,,9.0,,,12.0,,,23.0,,,37.0,,,67.0,,31.798726778979802,15.5543722812827
14,Iowa,234659,2296177,0.10219551889945801,71,361,0.19667590027700801,,0.0,,0.0,,,,,,,,,,,,,,,,30.256670317354104,14.0673038023437
15,Kansas,218993,2099260,0.104319141030649,93,382,0.243455497382199,90.0,0.967741935483871,3.0,0.032258064516129,4.0,,,15.0,,,17.0,,,8.0,,,15.0,,34.0,42.4671108208938,15.3701575361372
16,Kentucky,319199,3275369,0.09745436315725,104,592,0.175675675675676,,0.0,,0.0,,,,,,,,,,,,,,,,32.5815557066282,16.507846301126097
17,Louisiana,315813,3351308,0.09423574317848402,92,490,0.18775510204081602,,0.0,,0.0,,4.0,,,16.0,,,14.0,,,13.0,,,47.0,,29.1311630616852,13.1115353509065
18,Maine,132238,1043178,0.12676455983542598,45,197,0.22842639593908604,,0.0,,0.0,,,,,,,,,,,,,,,,34.029552776055304,16.6860605528355
19,Maryland,438707,4313424,0.10170736751128599,97,551,0.176043557168784,,0.0,,0.0,6.0,,,7.0,,,7.0,,,14.0,,,19.0,,44.0,22.110429056295,11.7169847501121
20,Massachusetts,414595,5153924,0.080442590926836,48,530,0.09056603773584901,46.0,0.958333333333333,2.0,0.041666666666667,0.0,,,2.0,,,6.0,,,4.0,,,15.0,,21.0,11.5775636464502,10.1702160791116
21,Michigan,706848,7614974,0.092823429206718,232,1169,0.198460222412318,227.0,0.9784482758620692,5.0,0.021551724137931,1.0,,,11.0,,,29.0,,,37.0,,,48.0,,106.0,32.821766490108196,13.5637363881319
22,Minnesota,381202,4004268,0.095198922749426,106,584,0.18150684931506797,103.0,0.9716981132075471,3.0,0.028301886792453,4.0,,,11.0,,,8.0,,,21.0,,,26.0,,36.0,27.8067796076621,13.193245720613401
23,Mississippi,203152,2171630,0.093548164282129,77,381,0.202099737532808,73.0,0.9480519480519479,4.0,0.051948051948052,3.0,,,4.0,,,9.0,,,11.0,,,12.0,,38.0,37.9026541702764,15.4434034822843
24,Missouri***,498159,4536263,0.10981704544026699,180,860,0.209302325581395,177.0,0.983333333333333,3.0,0.016666666666667,6.0,,,12.0,,,24.0,,,33.0,,,33.0,,72.0,36.133041860129,16.8395861027849
25,Montana,96661,749212,0.129016887076021,48,219,0.219178082191781,47.0,0.979166666666667,1.0,0.020833333333333,1.0,,,,,7.0,,,,,,25.0,,,15.0,49.6580834048893,26.2048483566802
26,Nebraska,147275,1342732,0.109683093871301,30,170,0.17647058823529396,,0.0,,0.0,,,,,,,,,,,,,,,,20.370056017654,11.7110025705651
27,Nevada,218908,1947160,0.112424248649315,118,505,0.23366336633663398,,0.0,,0.0,1.0,,,5.0,,,13.0,,,19.0,,,23.0,,57.0,53.903923109251394,22.392567750536397
28,New Hampshire,114796,1034119,0.111008500955886,28,166,0.168674698795181,27.0,0.9642857142857142,1.0,0.035714285714286004,,,,,,,,,,,,,,,,24.3910937663333,15.0110461720201
29,New Jersey,464094,6646834,0.06982181291123,81,557,0.145421903052065,80.0,0.987654320987654,1.0,0.012345679012346,4.0,,,6.0,,,7.0,,,15.0,,,20.0,,29.0,17.453360741573903,7.6988519653098795
30,New Mexico,168545,1484782,0.11351498065035799,85,376,0.226063829787234,80.0,0.941176470588235,5.0,0.058823529411765,3.0,,,7.0,,,10.0,,,15.0,,,26.0,,24.0,50.4316354682726,22.1084804636247
31,New York,994358,15092255,0.065885316674016,192,1417,0.135497529992943,191.0,0.994791666666667,1.0,0.005208333333333,5.0,,,2.0,,,2.0,,,7.0,,,47.0,,129.0,19.308941045378,8.689239253202091
32,North Carolina,731015,6996408,0.10448432967316901,249,1174,0.21209540034071603,240.0,0.9638554216867471,9.0,0.036144578313253004,8.0,,,20.0,,,22.0,,,51.0,,,50.0,,98.0,34.0622285452419,14.763638928954698
33,North Dakota**,52159,498949,0.10453773832596099,14,90,0.155555555555556,13.0,0.9285714285714292,1.0,0.071428571428571,0.0,,,0.0,,,0.0,,,3.0,,,5.0,,5.0,26.8410053873732,17.010228518991
34,Ohio,897333,8813009,0.10181914031858999,243,1176,0.206632653061224,237.0,0.9753086419753091,6.0,0.024691358024691003,7.0,,,18.0,,,25.0,,,43.0,,,52.0,,98.0,27.0802478009836,11.786738113080899
35,Oklahoma,313711,2741064,0.11444862287053502,122,567,0.215167548500882,,0.0,,0.0,3.0,,,6.0,,,22.0,,,19.0,,,33.0,,39.0,38.889296199368204,18.3327270487646
36,Oregon,343557,2948094,0.116535293650745,145,644,0.22515527950310602,135.0,0.931034482758621,10.0,0.06896551724137899,2.0,,,7.0,,,17.0,,,21.0,,,37.0,,61.0,42.2055146598672,19.1588754546393
37,Pennsylvania,988006,9817894,0.10063319078409301,292,1631,0.17903126916002401,289.0,0.9897260273972601,3.0,0.01027397260274,9.0,,,13.0,,,28.0,,,41.0,,,60.0,,141.0,29.5544763898195,15.1644052563294
38,Rhode Island,75328,822465,0.091588091894488,22,118,0.18644067796610198,,0.0,,0.0,,,,,,,,,,,,,,,,29.2056074766355,12.8490491034442
39,South Carolina,385544,3441651,0.112022979668769,143,619,0.23101777059773798,142.0,0.9930069930069929,1.0,0.006993006993007,4.0,,,15.0,,,10.0,,,25.0,,,34.0,,45.0,37.0904488203681,15.575370888519302
40,South Dakota,68313,609906,0.112005784497939,33,129,0.255813953488372,,0.0,,0.0,,,,,,,,,,,,,,,,48.3070572219051,17.725487589389104
41,Tennessee,502280,4782812,0.10501771761047698,196,947,0.206969376979937,193.0,0.9846938775510201,3.0,0.015306122448980001,5.0,,,15.0,,,18.0,,,35.0,,,41.0,,82.0,39.0220594090945,17.544548201018
42,Texas,1581873,17785992,0.08893926186405599,492,2809,0.175151299394802,474.0,0.963414634146341,18.0,0.036585365853658,,54.0,,,36.0,,,66.0,,,99.0,,,236.0,,31.102370417852804,14.298833524982099
43,Utah,149221,1906017,0.078289438131979,79,449,0.17594654788418698,77.0,0.9746835443037979,2.0,0.025316455696202004,0.0,,,7.0,,,11.0,,,19.0,,,18.0,,21.0,52.94161009509379,21.0610679896812
44,Vermont,51899,494457,0.104961604345777,7,87,0.080459770114942,7.0,1.0,0.0,0.0,0.0,,,0.0,,,1.0,,,0.0,,,1.0,,5.0,13.487735794524,18.0767266663353
45,Virginia,728528,5913691,0.123193450587797,198,963,0.20560747663551399,186.0,0.93939393939394,12.0,0.060606060606060996,2.0,,,13.0,,,23.0,,,37.0,,,51.0,,72.0,27.1780906155975,14.753634553050698
46,Washington,585202,5035212,0.116221918759329,249,921,0.270358306188925,240.0,0.9638554216867471,9.0,0.036144578313253004,8.0,,,20.0,,,22.0,,,51.0,,,50.0,,98.0,42.5494102890968,15.101089660472699
47,West Virginia,156260,1433007,0.10904343105092999,66,253,0.260869565217391,63.0,0.954545454545455,3.0,0.045454545454546,6.0,,,7.0,,,10.0,,,6.0,,,13.0,,24.0,42.237296813004,14.646597955585598
48,Wisconsin,430296,4343001,0.09907803382960301,134,724,0.18508287292817702,,0.0,,0.0,3.0,,,6.0,,,13.0,,,27.0,,,30.0,,55.0,31.141353858739098,15.079082118380999
49,Wyoming,51008,410174,0.124356980208399,18,111,0.162162162162162,,0.0,,0.0,,,,,,,,,,,,,,,,35.288582183186996,25.893319523562898
0,Alabama,401114,3634612,0.11035951017605199,156,679,0.229749631811487,,0.0,,0.0,,,,,,,,,,,,,,,,38.8916866526723,16.1744340030518
1,Alaska,71399,507439,0.14070459700574803,35,164,0.21341463414634101,33.0,0.942857142857143,2.0,0.05714285714285701,4.0,,,6.0,,,5.0,,,6.0,,,8.0,,6.0,49.0202944018824,29.5844417943308
2,Arizona,529692,4762678,0.11121726054123302,240,1093,0.219579139981702,,0.0,,0.0,,,,,,,,,,,,,,,,45.3093495842867,20.1512596545323
3,Arkansas,247571,2203766,0.11233996712899601,105,447,0.23489932885906,103.0,0.980952380952381,2.0,0.019047619047619,,,13.0,,,,,,27.0,,,,25.0,,40.0,42.412075727771004,17.4829196475811
4,California,1947570,27908574,0.069783930916714,705,3913,0.180168668540762,682.0,0.967375886524823,23.0,0.032624113475177005,25.0,,,,,82.0,,,,,,267.0,,,331.0,36.1989556216208,12.356995130080499
5,Colorado,391203,3789844,0.10322403771764699,156,865,0.180346820809249,155.0,0.993589743589744,1.0,0.006410256410255999,12.0,,,8.0,,,16.0,,,31.0,,,39.0,,50.0,39.876994808322,20.861279552621202
6,Connecticut,225379,2753985,0.08183741015292402,52,353,0.14730878186968802,,0.0,,0.0,,,,,,,,,,,,,,,,23.0722471925068,11.9037920498488
7,Delaware,73311,690836,0.10611925261567098,14,106,0.132075471698113,12.0,0.857142857142857,2.0,0.14285714285714302,0.0,,,1.0,,,2.0,,,4.0,,,4.0,,3.0,19.0967249116776,14.8981822598275
8,Florida*,1616185,14789132,0.109281937574159,642,2789,0.23019003226963103,,0.0,,0.0,,,,,,,,,,,,,,,,39.723175255308,16.298554909543
9,Georgia,696844,7170107,0.09718739204310302,175,1133,0.154457193292145,,0.0,,0.0,10.0,,,15.0,,,11.0,,,25.0,,,42.0,,72.0,25.113224767666804,14.799336903197
10,Hawaii,117301,1025770,0.114354094972557,31,207,0.14975845410628,,0.0,,0.0,,,,,,,,,,,,,,,,26.427737188941304,19.3732532425432
11,Idaho,125328,1139751,0.10996085987202499,70,290,0.24137931034482799,67.0,0.957142857142857,3.0,0.042857142857142996,3.0,,,4.0,,,,,16.0,,,,17.0,,30.0,55.8534405719392,21.6872054359966
12,Illinois,751492,9708301,0.077407159089938,200,1178,0.16977928692699498,,0.0,,0.0,,,,,,,,,,,,,,,,26.6137231001794,10.919067270497802
13,Indiana,469627,4880691,0.09622141618881401,165,864,0.190972222222222,163.0,0.9878787878787879,2.0,0.012121212121212,,9.0,,,15.0,,,28.0,,,29.0,,,81.0,,35.1342661303545,15.8465168494495
14,Iowa,233244,2323493,0.10038506679383198,71,372,0.19086021505376302,,0.0,,0.0,,,,,,,,,,,,,,,,30.4402256864056,14.4001982538922
15,Kansas,215780,2118586,0.10185095153088,81,401,0.201995012468828,76.0,0.9382716049382719,5.0,0.061728395061727996,7.0,,,8.0,,,7.0,,,17.0,,,19.0,,23.0,37.538233385855996,16.817268812480098
16,Kentucky,317278,3295944,0.09626316466541901,104,631,0.16481774960380402,,0.0,,0.0,,,,,,,,,,,,,,,,32.7788248791281,17.692483816581
17,Louisiana,312187,3410467,0.09153790375335699,125,557,0.22441651705565502,,0.0,,0.0,,11.0,,,12.0,,,13.0,,,23.0,,,68.0,,40.040104168335,13.9432201092219
18,Maine,128123,1051795,0.121813661407404,46,186,0.247311827956989,,0.0,,0.0,,,,,,,,,,,,,,,,35.902999461455,15.156895521353901
19,Maryland,429774,4404995,0.09756515047122599,85,502,0.169322709163347,,0.0,,0.0,4.0,,,9.0,,,5.0,,,20.0,,,11.0,,36.0,19.777836723487198,10.4899828210809
20,Massachusetts,398252,5135613,0.077547120470331,75,598,0.125418060200669,67.0,0.893333333333333,8.0,0.10666666666666699,1.0,,,8.0,,,10.0,,,5.0,,,22.0,,29.0,18.8322971384952,11.039901751207099
21,Michigan,692922,7538643,0.09191601194008,212,1263,0.167854315122724,211.0,0.995283018867924,1.0,0.004716981132075,12.0,,,12.0,,,24.0,,,40.0,,,44.0,,80.0,30.5950741930549,15.3526560606253
22,Minnesota,377976,4024747,0.09391298384718301,91,606,0.15016501650164998,88.0,0.967032967032967,3.0,0.032967032967032996,2.0,,,3.0,,,13.0,,,22.0,,,18.0,,33.0,24.075602683768302,14.1220822475554
23,Mississippi,204156,2204874,0.09259304613324801,76,388,0.19587628865979395,73.0,0.9605263157894741,3.0,0.039473684210526,2.0,,,7.0,,,6.0,,,13.0,,,19.0,,29.0,37.2264346872,15.5944016098221
24,Missouri***,495420,4555615,0.108749312661408,180,856,0.210280373831776,177.0,0.983333333333333,3.0,0.016666666666667,6.0,,,12.0,,,24.0,,,33.0,,,33.0,,72.0,36.3328085260991,16.6494466398781
25,Montana,95353,764891,0.124662206771945,68,227,0.299559471365639,65.0,0.9558823529411759,3.0,0.044117647058824004,5.0,,,,,16.0,,,,,,27.0,,,20.0,71.3139597076128,23.7477185760928
26,Nebraska,144695,1365316,0.105979128641282,21,193,0.10880829015544001,,0.0,,0.0,,,,,,,,,,,,,,,,14.5132865682988,14.0911880100375
27,Nevada,230314,2030027,0.113453663424181,124,547,0.226691042047532,,0.0,,0.0,3.0,,,7.0,,,12.0,,,17.0,,,33.0,,51.0,53.8395408008198,23.5037475419692
28,New Hampshire,114826,1029988,0.11148285222740499,41,196,0.209183673469388,38.0,0.9268292682926829,3.0,0.073170731707317,,,,,,,,,,,,,,,,35.7061989444899,16.9368920475282
29,New Jersey,453498,6732067,0.06736385719274599,94,719,0.13073713490959699,93.0,0.9893617021276601,1.0,0.010638297872339999,2.0,,,5.0,,,7.0,,,13.0,,,20.0,,47.0,20.727765061808398,9.95449759332103
30,New Mexico,178732,1539376,0.116106786126327,82,413,0.198547215496368,76.0,0.9268292682926829,6.0,0.073170731707317,1.0,,,7.0,,,7.0,,,10.0,,,20.0,,37.0,45.878745831748105,24.3267158786575
31,New York,951890,15055513,0.06322534476241401,214,1547,0.138332255979315,208.0,0.97196261682243,6.0,0.028037383177569996,10.0,,,4.0,,,8.0,,,42.0,,,76.0,,74.0,22.481589259263203,9.4514721500993
32,North Carolina,726084,7190151,0.100983136515492,222,1174,0.189097103918228,212.0,0.954954954954955,10.0,0.045045045045045,13.0,,,22.0,,,22.0,,,34.0,,,41.0,,90.0,30.574974796304602,14.727570119554802
33,North Dakota**,52076,519829,0.100179097357015,24,106,0.226415094339623,24.0,1.0,0.0,0.0,2.0,,,4.0,,,4.0,,,4.0,,,5.0,,6.0,46.086488977648,17.5306197929249
34,Ohio,892782,8803836,0.10140829520222802,268,1439,0.18624044475330104,261.0,0.973880597014925,7.0,0.026119402985075,5.0,,,22.0,,,39.0,,,39.0,,,49.0,,114.0,30.0185263591784,14.8020731497977
35,Oklahoma,323461,2810612,0.115085611247657,131,618,0.211974110032362,,0.0,,0.0,4.0,,,13.0,,,15.0,,,26.0,,,33.0,,40.0,40.4994728885399,19.5806366400753
36,Oregon,331584,2969208,0.111674224237574,151,685,0.22043795620438003,146.0,0.966887417218543,5.0,0.033112582781457005,3.0,,,9.0,,,20.0,,,23.0,,,36.0,,60.0,45.538988612237,20.2454936715771
37,Pennsylvania,981646,9917938,0.098976823609908,285,1576,0.18083756345177698,276.0,0.9684210526315791,9.0,0.031578947368421,5.0,,,19.0,,,23.0,,,55.0,,,59.0,,124.0,29.0328692828168,14.4467078739146
38,Rhode Island,72835,825652,0.088215131798869,20,129,0.155038759689922,,0.0,,0.0,,,,,,,,,,,,,,,,27.4593258735498,14.478950395647301
39,South Carolina,409008,3521443,0.11614784053014598,132,637,0.20722135007849302,129.0,0.9772727272727271,3.0,0.022727272727273,11.0,,,8.0,,,17.0,,,13.0,,,36.0,,47.0,32.273207370026995,16.2252384387144
40,South Dakota,69780,610858,0.11423276768086901,21,140,0.15,,0.0,,0.0,,,,,,,,,,,,,,,,30.0945829750645,21.9931322286251
41,Tennessee,487899,4846847,0.10066317339911901,155,943,0.164369034994698,149.0,0.9612903225806451,6.0,0.03870967741935501,3.0,,,12.0,,,19.0,,,34.0,,,24.0,,63.0,31.768870196495598,18.0777563760797
42,Texas,1609732,18268116,0.088117023123786,535,2891,0.18505707367692803,520.0,0.97196261682243,15.0,0.028037383177569996,,59.0,,,54.0,,,71.0,,,85.0,,,266.0,,33.2353460079069,14.143028519453
43,Utah,152839,1898882,0.080488940334365,75,473,0.158562367864693,73.0,0.9733333333333329,2.0,0.026666666666667005,0.0,,,9.0,,,8.0,,,11.0,,,21.0,,24.0,49.0712449047691,22.794398534285804
44,Vermont,48498,495796,0.097818457591429,15,106,0.141509433962264,15.0,1.0,0.0,0.0,0.0,,,0.0,,,0.0,,,3.0,,,4.0,,8.0,30.9291104787826,20.344378915175103
45,Virginia,742131,6056442,0.122535805676006,188,963,0.19522326064382103,181.0,0.9627659574468079,7.0,0.037234042553192,3.0,,,16.0,,,19.0,,,36.0,,,35.0,,79.0,25.332454782242,14.5832639452226
46,Washington,592322,5112364,0.11586068597619399,222,957,0.23197492163009398,212.0,0.954954954954955,10.0,0.045045045045045,13.0,,,22.0,,,22.0,,,34.0,,,41.0,,90.0,37.4796141288016,16.2609108499434
47,West Virginia,163476,1465012,0.11158679928901599,72,279,0.258064516129032,70.0,0.9722222222222221,2.0,0.027777777777778,2.0,,,4.0,,,9.0,,,8.0,,,15.0,,34.0,44.04316229905311,15.9042853981757
48,Wisconsin,420641,4351489,0.09666599180188698,169,793,0.21311475409836103,,0.0,,0.0,8.0,,,8.0,,,15.0,,,33.0,,,48.0,,57.0,40.17677782241861,15.874437271550601
49,Wyoming,52337,425022,0.12313950807252301,29,131,0.22137404580152698,,0.0,,0.0,,,,,,,,,,,,,,,,55.410130500410794,27.368957698861
0,Alabama,395753,3662910,0.108043331667991,163,680,0.239705882352941,,0.0,,0.0,,,,,,,,,,,,,,,,41.1873062238315,15.824155374228999
1,Alaska,72407,517799,0.139836114013353,27,142,0.190140845070423,24.0,0.8888888888888891,3.0,0.111111111111111,4.0,,,5.0,,,3.0,,,4.0,,,5.0,,6.0,37.2892123689698,25.819951862628898
2,Arizona,533608,4842927,0.11018295340813498,242,1091,0.221814848762603,,0.0,,0.0,,,,,,,,,,,,,,,,45.3516439033898,19.701488796721698
3,Arkansas,238790,2221409,0.10749483773586901,89,447,0.19910514541387,89.0,1.0,0.0,0.0,,,11.0,,,,,,31.0,,,,14.0,,33.0,37.2712425143431,18.0569236953747
4,California,1910994,28292703,0.067543705527181,706,3923,0.179964313025746,679.0,0.961756373937677,27.0,0.038243626062323,20.0,,,,,80.0,,,,,,250.0,,,356.0,36.9441243666908,12.194054600481
5,Colorado,411754,3857537,0.106740129777109,170,879,0.19340159271899898,166.0,0.9764705882352941,4.0,0.023529411764706,8.0,,,14.0,,,25.0,,,28.0,,,37.0,,58.0,41.2867877421956,20.5758749172539
6,Connecticut,225987,2768440,0.08162972648856401,54,364,0.148351648351648,,0.0,,0.0,,,,,,,,,,,,,,,,23.895179811228104,12.192949092864302
7,Delaware,77885,699180,0.111394776738465,17,116,0.146551724137931,15.0,0.8823529411764699,2.0,0.11764705882352902,1.0,,,2.0,,,2.0,,,3.0,,,4.0,,5.0,21.8270527059126,15.9344594757724
8,Florida*,1571482,15012091,0.10468108673202198,642,2789,0.23019003226963103,,0.0,,0.0,,,,,,,,,,,,,,,,40.853156447226205,15.9739785600489
9,Georgia,686591,7279776,0.094314852544914,218,1133,0.192409532215357,,0.0,,0.0,12.0,,,20.0,,,22.0,,,37.0,,,50.0,,77.0,31.751071598666396,13.8779664153213
10,Hawaii,109218,1034113,0.10561515037524902,27,207,0.130434782608696,,0.0,,0.0,,,,,,,,,,,,,,,,24.721199802230398,19.461668621843604
11,Idaho,121382,1155068,0.10508645378453901,68,290,0.23448275862068998,67.0,0.9852941176470591,1.0,0.014705882352941001,4.0,,,3.0,,,,,22.0,,,,17.0,,22.0,56.0214858875286,21.4765412320569
12,Illinois,719528,9752324,0.073780157427091,191,1183,0.16145393068470001,,0.0,,0.0,,,,,,,,,,,,,,,,26.5451796177494,10.982203074219802
13,Indiana,458943,4915722,0.09336227719956501,164,861,0.19047619047619,162.0,0.9878048780487799,2.0,0.012195121951219998,,7.0,,,11.0,,,22.0,,,36.0,,,62.0,,35.7342850855117,15.6390972045058
14,Iowa,226737,2336891,0.09702506449808698,83,370,0.22432432432432398,,0.0,,0.0,,,,,,,,,,,,,,,,36.6062883428818,13.600903062051401
15,Kansas,210240,2132796,0.098574828534937,72,400,0.18,70.0,0.9722222222222221,2.0,0.027777777777778,6.0,,,6.0,,,4.0,,,9.0,,,16.0,,31.0,34.2465753424658,17.0606213811197
16,Kentucky,311073,3330313,0.09340653566196302,124,641,0.19344773790951603,,0.0,,0.0,,,,,,,,,,,,,,,,39.8620259553224,17.1235145268346
17,Louisiana,312953,3442258,0.09091503309746099,106,564,0.18794326241134804,,0.0,,0.0,,11.0,,,6.0,,,18.0,,,11.0,,,60.0,,33.870900742284,14.635837670025802
18,Maine,128940,1056250,0.12207337278106499,30,198,0.15151515151515196,,0.0,,0.0,,,,,,,,,,,,,,,,23.266635644485802,18.1169188297333
19,Maryland,425963,4457846,0.09555354761021399,90,504,0.178571428571429,,0.0,,0.0,4.0,,,10.0,,,6.0,,,21.0,,,12.0,,37.0,21.1285956761503,10.268155102715
20,Massachusetts,386609,5177318,0.074673605136868,59,597,0.09882747068676699,57.0,0.966101694915254,2.0,0.033898305084746,0.0,,,3.0,,,7.0,,,6.0,,,6.0,,27.0,15.260896668210002,11.2300705386196
21,Michigan,671051,7579088,0.088539808483554,217,1274,0.17032967032967,216.0,0.995391705069124,1.0,0.004608294930875999,12.0,,,13.0,,,25.0,,,1.0,,,45.0,,81.0,32.337333526065805,15.3010182197924
22,Minnesota,366790,4065374,0.09022294135791699,112,625,0.1792,109.0,0.9732142857142858,3.0,0.026785714285714003,5.0,,,6.0,,,21.0,,,25.0,,,24.0,,36.0,30.535183620055104,13.870173017565598
23,Mississippi,201148,2215005,0.09081153315681,76,382,0.198952879581152,73.0,0.9605263157894741,3.0,0.039473684210526,3.0,,,6.0,,,10.0,,,10.0,,,9.0,,38.0,37.783124863284705,15.1947233592057
24,Missouri***,490162,4578570,0.10705569642923402,180,873,0.206185567010309,177.0,0.983333333333333,3.0,0.016666666666667,6.0,,,12.0,,,24.0,,,33.0,,,33.0,,72.0,36.722552951881205,16.9503630753095
25,Montana,94872,772072,0.122879731424012,55,224,0.245535714285714,53.0,0.9636363636363641,2.0,0.036363636363636,2.0,,,,,11.0,,,,,,21.0,,,21.0,57.972847626275396,24.9556999409333
26,Nebraska,146104,1377398,0.106072464167946,34,185,0.183783783783784,,0.0,,0.0,,,,,,,,,,,,,,,,23.2710945627772,12.2635211411734
27,Nevada,228213,2049720,0.111338621860547,122,554,0.220216606498195,,0.0,,0.0,3.0,,,7.0,,,12.0,,,17.0,,,34.0,,52.0,53.458830127994496,23.7166258488164
28,New Hampshire,115297,1037312,0.111149779429911,33,203,0.16256157635468,33.0,1.0,0.0,0.0,,,,,,,,,,,,,,,,28.621733436255898,18.437877908710803
29,New Jersey,444887,6771714,0.06569784252554099,92,668,0.137724550898204,89.0,0.9673913043478259,3.0,0.032608695652174,2.0,,,3.0,,,8.0,,,9.0,,,15.0,,55.0,20.679408479007,9.104089617117712
30,New Mexico,177041,1555130,0.113843215679718,83,423,0.196217494089835,78.0,0.939759036144578,5.0,0.060240963855422006,8.0,,,6.0,,,9.0,,,14.0,,,11.0,,35.0,46.8817957422292,24.671846303105198
31,New York,917741,15160932,0.060533283837695996,244,1557,0.15671162491971696,235.0,0.963114754098361,9.0,0.036885245901639004,9.0,,,9.0,,,30.0,,,118.0,,,67.0,,11.0,26.5870218285987,9.218439884714039
32,North Carolina,740470,7285172,0.101640702511897,207,1171,0.17677198975234804,198.0,0.956521739130435,11.0,0.053140096618358,9.0,,,18.0,,,26.0,,,22.0,,,50.0,,82.0,27.9552176320445,14.729471257820402
33,North Dakota**,55556,527822,0.105255180723805,25,104,0.240384615384615,25.0,1.0,0.0,0.0,2.0,,,4.0,,,4.0,,,4.0,,,5.0,,6.0,44.99964000288,16.7278609935926
34,Ohio,876163,8842889,0.099081080854911,270,1274,0.21193092621664003,267.0,0.9888888888888892,3.0,0.011111111111111,5.0,,,26.0,,,21.0,,,49.0,,,66.0,,103.0,30.8161837466316,12.602416601248699
35,Oklahoma,319724,2837898,0.11266225917915301,141,637,0.221350078492936,,0.0,,0.0,5.0,,,14.0,,,17.0,,,28.0,,,35.0,,42.0,44.100536712914895,19.696812055084397
36,Oregon,319194,3007303,0.10613962078314,150,683,0.21961932650073202,144.0,0.96,6.0,0.04,1.0,,,9.0,,,24.0,,,23.0,,,34.0,,59.0,46.993364536927395,19.8280650077806
37,Pennsylvania,954659,9976032,0.095695262404932,285,1574,0.18106734434561603,276.0,0.9684210526315791,9.0,0.031578947368421,,,,,,,,,,,,,,,,29.85359170133,14.288290706968901
38,Rhode Island,71863,829243,0.08666096668889599,18,127,0.14173228346456698,,0.0,,0.0,,,,,,,,,,,,,,,,25.0476601310828,14.3917188201431
39,South Carolina,398985,3563610,0.111960904812816,158,645,0.24496124031007802,150.0,0.949367088607595,8.0,0.05063291139240499,8.0,,,7.0,,,15.0,,,27.0,,,26.0,,57.0,39.600486233818295,15.388869139313499
40,South Dakota,70027,618454,0.113229116474305,25,123,0.203252032520325,,0.0,,0.0,,,,,,,,,,,,,,,,35.700515515444,17.8692879818098
41,Tennessee,486407,4896267,0.09934241739676401,190,941,0.20191285866099898,189.0,0.9947368421052629,1.0,0.005263157894737001,8.0,,,17.0,,,13.0,,,28.0,,,52.0,,72.0,39.0619378421774,17.030019093576698
42,Texas,1593072,18617868,0.08556683289407802,527,2889,0.182416060920734,504.0,0.9563567362428841,23.0,0.043643263757115996,,53.0,,,42.0,,,84.0,,,96.0,,,247.0,,33.0807396024787,13.873881366919198
43,Utah,146806,1930847,0.076031917598857,71,468,0.15170940170940198,68.0,0.957746478873239,3.0,0.042253521126761,0.0,,,0.0,,,0.0,,,14.0,,,16.0,,31.0,48.3631459204665,22.2528518122622
44,Vermont,51373,499809,0.102785263970837,18,124,0.145161290322581,17.0,0.944444444444444,1.0,0.055555555555556,0.0,,,0.0,,,0.0,,,4.0,,,5.0,,9.0,35.037860354661,23.6377097289245
45,Virginia,734757,6137315,0.119719616803113,197,981,0.200815494393476,190.0,0.9644670050761421,7.0,0.035532994923858,4.0,,,17.0,,,20.0,,,37.0,,,37.0,,81.0,26.811585326849602,14.511644298867301
46,Washington,597778,5194460,0.115079912060156,207,955,0.216753926701571,196.0,0.946859903381642,11.0,0.053140096618358,9.0,,,18.0,,,26.0,,,22.0,,,50.0,,82.0,34.6282399151524,16.2726070674456
47,West Virginia,155581,1467977,0.105983268130223,70,277,0.252707581227437,67.0,0.957142857142857,3.0,0.042857142857142996,1.0,,,6.0,,,8.0,,,13.0,,,17.0,,25.0,44.9926404895199,15.772678368419301
48,Wisconsin,413735,4383985,0.094374182393416,167,791,0.21112515802781304,,0.0,,0.0,6.0,,,8.0,,,15.0,,,33.0,,,48.0,,57.0,40.364001111822795,15.7168944021157
49,Wyoming,52415,430554,0.121738504345564,30,132,0.22727272727272702,,0.0,0.0,0.0,,,,,,,,,,,,,,,,57.235524182009,26.974207897096
